code,section,description,unit,materials_ngn,labour_ngn,plant_ngn,net_rate_ngn,tender_rate_ngn,url,location
A01,Earthworks,"Clear site of bush and shrubs, remove arisings",m2,0,171.94,0,171.94,229.49,https://rates.buildocrat.store/rates/a01-clear-site-of-bush-and-shrubs-remove-arisings/,Abuja
A14,Earthworks,Clear site by bulldozer incl. grubbing roots,m2,0,11.46,108.52,119.98,160.14,https://rates.buildocrat.store/rates/a14-clear-site-by-bulldozer-incl-grubbing-roots/,Abuja
A02,Earthworks,"Excavate trench for strip foundation by hand, n.e. 1.5m deep, normal soil",m3,0,4585.0,0,4585.0,6119.81,https://rates.buildocrat.store/rates/a02-excavate-trench-for-strip-foundation-by-hand-n-e-1-5m-de/,Abuja
A09,Earthworks,"Excavate trench by backhoe, n.e. 1.5m deep, trim by hand",m3,0,343.88,4956.0,5299.88,7073.99,https://rates.buildocrat.store/rates/a09-excavate-trench-by-backhoe-n-e-1-5m-deep-trim-by-hand/,Abuja
A03,Earthworks,"Bulk excavation by machine n.e. 2m deep, deposit in spoil heap on site",m3,0,114.62,2775.72,2890.35,3857.88,https://rates.buildocrat.store/rates/a03-bulk-excavation-by-machine-n-e-2m-deep-deposit-in-spoil/,Abuja
A10,Earthworks,Excavate in rock using excavator-mounted breaker,m3,0,1146.25,39784.0,40930.25,54631.52,https://rates.buildocrat.store/rates/a10-excavate-in-rock-using-excavator-mounted-breaker/,Abuja
A15,Earthworks,Load and cart away surplus spoil to tip n.e. 10km,m3,0,57.31,8436.03,8493.34,11336.46,https://rates.buildocrat.store/rates/a15-load-and-cart-away-surplus-spoil-to-tip-n-e-10km/,Abuja
A11,Earthworks,"Keep excavations free of water - 3"" pump incl. attendance",day,0,2292.5,23968.0,26260.5,35051.12,https://rates.buildocrat.store/rates/a11-keep-excavations-free-of-water-3-pump-incl-attendance/,Abuja
A04,Earthworks,"Backfill with selected excavated material, compacted in 150mm layers",m3,0,2292.5,599.4,2891.9,3859.95,https://rates.buildocrat.store/rates/a04-backfill-with-selected-excavated-material-compacted-in-1/,Abuja
A05,Earthworks,"Imported laterite filling, compacted in 150mm layers",m3,9896.25,1719.38,685.02,12300.64,16418.25,https://rates.buildocrat.store/rates/a05-imported-laterite-filling-compacted-in-150mm-layers/,Abuja
A13,Earthworks,"Imported sand filling, compacted in 150mm layers",m3,7332.5,1375.5,685.02,9393.02,12537.3,https://rates.buildocrat.store/rates/a13-imported-sand-filling-compacted-in-150mm-layers/,Abuja
A06,Earthworks,"Hardcore bed 150mm thick, blinded with stone dust, compacted",m2,3307.5,573.12,239.76,4120.39,5499.67,https://rates.buildocrat.store/rates/a06-hardcore-bed-150mm-thick-blinded-with-stone-dust-compact/,Abuja
A12,Earthworks,Level and compact bottom of excavation / formation,m2,0,114.62,79.91,194.54,259.66,https://rates.buildocrat.store/rates/a12-level-and-compact-bottom-of-excavation-formation/,Abuja
A07,Earthworks,Anti-termite treatment to formation,m2,682.5,34.39,0,716.89,956.86,https://rates.buildocrat.store/rates/a07-anti-termite-treatment-to-formation/,Abuja
A08,Earthworks,1000g polythene DPM with 150mm laps,m2,332.75,57.31,0,390.06,520.63,https://rates.buildocrat.store/rates/a08-1000g-polythene-dpm-with-150mm-laps/,Abuja
H01,Demolition,"Demolish 225mm blockwork wall, stack debris on site",m2,0,1375.5,0,1375.5,1835.94,https://rates.buildocrat.store/rates/h01-demolish-225mm-blockwork-wall-stack-debris-on-site/,Abuja
H02,Demolition,"Break up 150mm concrete slab with excavator breaker, load debris",m2,0,458.5,16577.0,17035.5,22738.08,https://rates.buildocrat.store/rates/h02-break-up-150mm-concrete-slab-with-excavator-breaker-load/,Abuja
H03,Demolition,Break out reinforced concrete with compressor & breakers,m3,0,9170.0,51350.1,60520.1,80779.02,https://rates.buildocrat.store/rates/h03-break-out-reinforced-concrete-with-compressor-and-breake/,Abuja
B01,Concrete,Plain concrete 1:3:6 in blinding (site-mixed),m3,86479.54,9333.75,2863.48,98676.77,131708.51,https://rates.buildocrat.store/rates/b01-plain-concrete-1-3-6-in-blinding-site-mixed/,Abuja
B02,Concrete,Reinforced concrete 1:2:4 in foundations / bases / ground beams,m3,109595.75,12854.38,5202.65,127652.77,170384.14,https://rates.buildocrat.store/rates/b02-reinforced-concrete-1-2-4-in-foundations-bases-ground-be/,Abuja
B03,Concrete,"Reinforced concrete 1:2:4 in suspended slabs, beams & columns",m3,109595.75,19895.62,6243.2,135734.58,181171.3,https://rates.buildocrat.store/rates/b03-reinforced-concrete-1-2-4-in-suspended-slabs-beams-and-c/,Abuja
B04,Concrete,Reinforced concrete 1:1.5:3 (~C25) in suspended slabs & beams,m3,129298.16,19895.62,6243.2,155436.99,207469.03,https://rates.buildocrat.store/rates/b04-reinforced-concrete-1-1-5-3-c25-in-suspended-slabs-and-b/,Abuja
B05,Concrete,Ready-mix C25/30 placed by pump in suspended slab,m3,175900.0,4830.62,487.0,181217.62,241879.66,https://rates.buildocrat.store/rates/b05-ready-mix-c25-30-placed-by-pump-in-suspended-slab/,Abuja
B15,Concrete,Ready-mix C30/37 placed by pump in columns & walls,m3,191060.0,6386.25,649.33,198095.58,264407.45,https://rates.buildocrat.store/rates/b15-ready-mix-c30-37-placed-by-pump-in-columns-and-walls/,Abuja
B18,Concrete,Ready-mix C35/45 placed by boom pump in raft/transfer slab,m3,195840.0,3766.25,5145.02,204751.27,273291.12,https://rates.buildocrat.store/rates/b18-ready-mix-c35-45-placed-by-boom-pump-in-raft-transfer-sl/,Abuja
B06,Concrete,"High-yield reinforcement 12-16mm, cut, bent & fixed",t,1126440.0,81875.0,0,1208315.0,1612794.67,https://rates.buildocrat.store/rates/b06-high-yield-reinforcement-12-16mm-cut-bent-and-fixed/,Abuja
B11,Concrete,"High-yield reinforcement 20-25mm, cut, bent & fixed",t,1139460.0,62552.5,0,1202012.5,1604382.43,https://rates.buildocrat.store/rates/b11-high-yield-reinforcement-20-25mm-cut-bent-and-fixed/,Abuja
B12,Concrete,"Reinforcement 8-10mm links/stirrups, cut, bent & fixed",t,1190910.0,115935.0,0,1306845.0,1744307.28,https://rates.buildocrat.store/rates/b12-reinforcement-8-10mm-links-stirrups-cut-bent-and-fixed/,Abuja
B10,Concrete,BRC mesh A142 in ground slab incl. laps,m2,4933.0,180.12,0,5113.12,6824.73,https://rates.buildocrat.store/rates/b10-brc-mesh-a142-in-ground-slab-incl-laps/,Abuja
B07,Concrete,Formwork (plank) to sides of foundations & ground beams,m2,3756.5,3700.75,0,7457.25,9953.54,https://rates.buildocrat.store/rates/b07-formwork-plank-to-sides-of-foundations-and-ground-beams/,Abuja
B08,Concrete,Formwork (marine board) to soffit of suspended slab incl. propping n.e. 3.5m,m2,5843.75,5551.12,0,11394.88,15209.27,https://rates.buildocrat.store/rates/b08-formwork-marine-board-to-soffit-of-suspended-slab-incl-p/,Abuja
B09,Concrete,Formwork (marine board) to columns and beams,m2,5402.55,5600.25,0,11002.8,14685.95,https://rates.buildocrat.store/rates/b09-formwork-marine-board-to-columns-and-beams/,Abuja
B13,Concrete,Formwork (marine board) to walls,m2,5595.05,5043.5,0,10638.55,14199.77,https://rates.buildocrat.store/rates/b13-formwork-marine-board-to-walls/,Abuja
B14,Concrete,"Formwork to staircase soffits, strings & risers",m2,8256.0,8678.75,0,16934.75,22603.6,https://rates.buildocrat.store/rates/b14-formwork-to-staircase-soffits-strings-and-risers/,Abuja
B19,Concrete,Formwork to slab using steel props (props hired),m2,3958.0,4486.75,2100.0,10544.75,14074.57,https://rates.buildocrat.store/rates/b19-formwork-to-slab-using-steel-props-props-hired/,Abuja
B16,Concrete,Power-floated finish to concrete slab,m2,0,247.26,127.87,375.13,500.71,https://rates.buildocrat.store/rates/b16-power-floated-finish-to-concrete-slab/,Abuja
B17,Concrete,"Precast lintel 150x225x1500, supply and bed in mortar",nr,18607.2,1080.75,0,19687.95,26278.43,https://rates.buildocrat.store/rates/b17-precast-lintel-150x225x1500-supply-and-bed-in-mortar/,Abuja
B20,Concrete,Rib-and-block (hollow pot) suspended slab 225mm incl. topping & rib rebar (excl. propping),m2,34738.68,3561.56,365.09,38665.33,51608.43,https://rates.buildocrat.store/rates/b20-rib-and-block-hollow-pot-suspended-slab-225mm-incl-toppi/,Abuja
C01,Masonry,225mm hollow sandcrete blockwork in cement-sand mortar 1:6,m2,11108.54,1670.25,0,12778.79,17056.45,https://rates.buildocrat.store/rates/c01-225mm-hollow-sandcrete-blockwork-in-cement-sand-mortar-1/,Abuja
C02,Masonry,150mm hollow sandcrete blockwork in cement-sand mortar 1:6,m2,8833.3,1432.81,0,10266.11,13702.66,https://rates.buildocrat.store/rates/c02-150mm-hollow-sandcrete-blockwork-in-cement-sand-mortar-1/,Abuja
C05,Masonry,125mm hollow blockwork partition in mortar 1:6,m2,7268.34,1252.69,0,8521.03,11373.41,https://rates.buildocrat.store/rates/c05-125mm-hollow-blockwork-partition-in-mortar-1-6/,Abuja
C07,Masonry,225mm solid block walling in mortar 1:6,m2,13173.54,1850.38,0,15023.91,20053.12,https://rates.buildocrat.store/rates/c07-225mm-solid-block-walling-in-mortar-1-6/,Abuja
C03,Masonry,"225mm hollow blockwork filled solid with 1:2:4 concrete, below DPC",m2,17677.71,2849.25,0,20526.96,27398.29,https://rates.buildocrat.store/rates/c03-225mm-hollow-blockwork-filled-solid-with-1-2-4-concrete/,Abuja
C06,Masonry,"Half-brick burnt clay facing brickwork in mortar 1:4, pointed",m2,30855.6,4093.75,0,34949.35,46648.54,https://rates.buildocrat.store/rates/c06-half-brick-burnt-clay-facing-brickwork-in-mortar-1-4-poi/,Abuja
C08,Masonry,Bituminous felt DPC 225mm wide bedded on walls,m,826.88,122.81,0,949.69,1267.59,https://rates.buildocrat.store/rates/c08-bituminous-felt-dpc-225mm-wide-bedded-on-walls/,Abuja
C04,Masonry,"CROSS-CHECK: produce 9"" hollow sandcrete block on site (machine), cured",nr,582.69,86.46,39.97,709.12,946.49,https://rates.buildocrat.store/rates/c04-cross-check-produce-9-hollow-sandcrete-block-on-site-mac/,Abuja
S01,Steelwork,"Structural steel UB/UC frame, fabricated, primed & erected",t,1595190.0,221062.5,611760.0,2428012.5,3240782.1,https://rates.buildocrat.store/rates/s01-structural-steel-ub-uc-frame-fabricated-primed-and-erect/,Abuja
S02,Steelwork,"Light steel roof trusses (angle/SHS), fabricated, primed & erected",t,1603500.0,178487.5,514400.0,2296387.5,3065096.04,https://rates.buildocrat.store/rates/s02-light-steel-roof-trusses-angle-shs-fabricated-primed-and/,Abuja
S03,Steelwork,Galvanised Z-purlin 150mm fixed to trusses,m,8940.67,605.88,0,9546.55,12742.22,https://rates.buildocrat.store/rates/s03-galvanised-z-purlin-150mm-fixed-to-trusses/,Abuja
S04,Steelwork,"Steel handrail/balustrade 1m high, 2"" pipe & 25mm SHS, painted",m,26249.58,9333.75,0,35583.33,47494.74,https://rates.buildocrat.store/rates/s04-steel-handrail-balustrade-1m-high-2-pipe-and-25mm-shs-pa/,Abuja
S05,Steelwork,"Wrought-iron burglary-proof to windows, supply & fix",m2,35000.0,229.25,0,35229.25,47022.13,https://rates.buildocrat.store/rates/s05-wrought-iron-burglary-proof-to-windows-supply-and-fix/,Abuja
D01,Roofing,"Timber roof: 2x4 trusses/rafters, 2x3 purlins, 2x6 wall plate, treated (slope area)",m2,6160.5,2685.5,0,8846.0,11807.17,https://rates.buildocrat.store/rates/d01-timber-roof-2x4-trusses-rafters-2x3-purlins-2x6-wall-pla/,Abuja
D02,Roofing,"0.55mm longspan aluminium (Grade A) on timber purlins incl. laps, ridges & fixings",m2,9815.0,1015.25,0,10830.25,14455.64,https://rates.buildocrat.store/rates/d02-0-55mm-longspan-aluminium-grade-a-on-timber-purlins-incl/,Abuja
D05,Roofing,"0.55mm longspan aluminium, caliper grade, on purlins",m2,15527.0,1015.25,0,16542.25,22079.72,https://rates.buildocrat.store/rates/d05-0-55mm-longspan-aluminium-caliper-grade-on-purlins/,Abuja
D06,Roofing,0.45mm longspan aluminium (market) on purlins,m2,8135.0,1015.25,0,9150.25,12213.27,https://rates.buildocrat.store/rates/d06-0-45mm-longspan-aluminium-market-on-purlins/,Abuja
D07,Roofing,Step-tile/Metcopo aluminium 0.55mm on purlins,m2,10863.0,1146.25,0,12009.25,16029.31,https://rates.buildocrat.store/rates/d07-step-tile-metcopo-aluminium-0-55mm-on-purlins/,Abuja
D08,Roofing,0.55mm caliper longspan on steel purlins with self-drilling screws,m2,15897.0,1015.25,0,16912.25,22573.57,https://rates.buildocrat.store/rates/d08-0-55mm-caliper-longspan-on-steel-purlins-with-self-drill/,Abuja
D03,Roofing,Stone-coated steel tiles on 2x2 battens incl. fixings,m2,14837.56,1522.88,0,16360.44,21837.04,https://rates.buildocrat.store/rates/d03-stone-coated-steel-tiles-on-2x2-battens-incl-fixings/,Abuja
D13,Roofing,Stone-coated ridge/hip capping,m,13596.0,655.0,0,14251.0,19021.48,https://rates.buildocrat.store/rates/d13-stone-coated-ridge-hip-capping/,Abuja
D04,Roofing,PVC fascia board fixed to rafter ends,m,6063.75,695.94,0,6759.69,9022.47,https://rates.buildocrat.store/rates/d04-pvc-fascia-board-fixed-to-rafter-ends/,Abuja
D12,Roofing,PVC soffit/eaves panels on 2x2 framing,m2,8889.0,1621.12,0,10510.12,14028.36,https://rates.buildocrat.store/rates/d12-pvc-soffit-eaves-panels-on-2x2-framing/,Abuja
D09,Roofing,Aluminium gutter with brackets,m,8268.75,900.62,0,9169.38,12238.79,https://rates.buildocrat.store/rates/d09-aluminium-gutter-with-brackets/,Abuja
D10,Roofing,110mm uPVC rainwater downpipe with clips,m,2661.21,556.75,0,3217.96,4295.16,https://rates.buildocrat.store/rates/d10-110mm-upvc-rainwater-downpipe-with-clips/,Abuja
D11,Roofing,Reflective foil insulation laid over purlins,m2,2178.0,131.0,0,2309.0,3081.93,https://rates.buildocrat.store/rates/d11-reflective-foil-insulation-laid-over-purlins/,Abuja
W01,Waterproofing,4mm torch-on bitumen membrane on primed concrete slab,m2,6417.5,1146.25,0,7563.75,10095.69,https://rates.buildocrat.store/rates/w01-4mm-torch-on-bitumen-membrane-on-primed-concrete-slab/,Abuja
W02,Waterproofing,"Cementitious waterproofing, 2 coats, to wet areas/tanks",m2,7218.75,655.0,0,7873.75,10509.46,https://rates.buildocrat.store/rates/w02-cementitious-waterproofing-2-coats-to-wet-areas-tanks/,Abuja
W03,Waterproofing,2 coats bituminous paint to substructure walls,m2,1443.75,171.94,0,1615.69,2156.53,https://rates.buildocrat.store/rates/w03-2-coats-bituminous-paint-to-substructure-walls/,Abuja
W04,Waterproofing,Polyurethane liquid membrane to roof/balcony,m2,14175.0,786.0,0,14961.0,19969.15,https://rates.buildocrat.store/rates/w04-polyurethane-liquid-membrane-to-roof-balcony/,Abuja
E01,Finishes,"15mm internal plaster, cement-sand 1:6, to blockwork",m2,1417.2,1784.88,0,3202.08,4273.96,https://rates.buildocrat.store/rates/e01-15mm-internal-plaster-cement-sand-1-6-to-blockwork/,Abuja
E02,Finishes,"20mm external render, cement-sand 1:4",m2,2477.14,2231.09,0,4708.23,6284.3,https://rates.buildocrat.store/rates/e02-20mm-external-render-cement-sand-1-4/,Abuja
E03,Finishes,40mm cement-sand 1:3 floor screed,m2,4986.98,1318.19,0,6305.17,8415.8,https://rates.buildocrat.store/rates/e03-40mm-cement-sand-1-3-floor-screed/,Abuja
E04,Finishes,"600x600 ceramic floor tiles (mid-range) on adhesive, grouted",m2,11869.5,2005.94,0,13875.44,18520.2,https://rates.buildocrat.store/rates/e04-600x600-ceramic-floor-tiles-mid-range-on-adhesive-groute/,Abuja
E05,Finishes,"600x600 polished porcelain floor tiles (premium) on adhesive, grouted",m2,28995.0,2374.38,0,31369.38,41870.18,https://rates.buildocrat.store/rates/e05-600x600-polished-porcelain-floor-tiles-premium-on-adhesi/,Abuja
E10,Finishes,600x600 matt anti-slip porcelain floor tiles on adhesive,m2,17655.0,2251.56,0,19906.56,26570.22,https://rates.buildocrat.store/rates/e10-600x600-matt-anti-slip-porcelain-floor-tiles-on-adhesive/,Abuja
E11,Finishes,400x400 ceramic floor tiles on adhesive,m2,8712.0,1883.12,0,10595.12,14141.81,https://rates.buildocrat.store/rates/e11-400x400-ceramic-floor-tiles-on-adhesive/,Abuja
E06,Finishes,"300x600 wall tiles on adhesive, grouted",m2,11238.75,2497.19,0,13735.94,18334.0,https://rates.buildocrat.store/rates/e06-300x600-wall-tiles-on-adhesive-grouted/,Abuja
E15,Finishes,100mm tile skirting on adhesive,m,2340.45,368.44,0,2708.89,3615.68,https://rates.buildocrat.store/rates/e15-100mm-tile-skirting-on-adhesive/,Abuja
E12,Finishes,20mm local polished granite flooring on mortar bed,m2,54865.2,4863.38,0,59728.58,79722.53,https://rates.buildocrat.store/rates/e12-20mm-local-polished-granite-flooring-on-mortar-bed/,Abuja
E13,Finishes,20mm imported marble flooring on mortar bed,m2,98865.2,5420.12,0,104285.33,139194.51,https://rates.buildocrat.store/rates/e13-20mm-imported-marble-flooring-on-mortar-bed/,Abuja
E14,Finishes,SPC vinyl click flooring on underlay,m2,8100.0,736.88,0,8836.88,11794.99,https://rates.buildocrat.store/rates/e14-spc-vinyl-click-flooring-on-underlay/,Abuja
E26,Finishes,8mm laminate flooring on underlay,m2,9720.0,835.12,0,10555.12,14088.42,https://rates.buildocrat.store/rates/e26-8mm-laminate-flooring-on-underlay/,Abuja
E27,Finishes,Carpet tiles on adhesive,m2,14700.0,614.06,0,15314.06,20440.4,https://rates.buildocrat.store/rates/e27-carpet-tiles-on-adhesive/,Abuja
E25,Finishes,2-coat epoxy floor coating,m2,5985.0,614.06,0,6599.06,8808.08,https://rates.buildocrat.store/rates/e25-2-coat-epoxy-floor-coating/,Abuja
E24,Finishes,Natural stone wall cladding on adhesive,m2,24480.0,2800.12,0,27280.12,36412.06,https://rates.buildocrat.store/rates/e24-natural-stone-wall-cladding-on-adhesive/,Abuja
E07,Finishes,Skim coat + 3 coats emulsion to internal plastered walls,m2,1601.25,773.72,0,2374.97,3169.98,https://rates.buildocrat.store/rates/e07-skim-coat-3-coats-emulsion-to-internal-plastered-walls/,Abuja
E16,Finishes,Sealer + skim + 3 coats silk emulsion to internal walls,m2,2286.38,876.06,0,3162.44,4221.05,https://rates.buildocrat.store/rates/e16-sealer-skim-3-coats-silk-emulsion-to-internal-walls/,Abuja
E08,Finishes,2 coats weathershield paint to external render,m2,997.5,614.06,0,1611.56,2151.03,https://rates.buildocrat.store/rates/e08-2-coats-weathershield-paint-to-external-render/,Abuja
E18,Finishes,"Sand-textured coating + 2 coats weathershield, external",m2,3832.5,1240.41,0,5072.91,6771.05,https://rates.buildocrat.store/rates/e18-sand-textured-coating-2-coats-weathershield-external/,Abuja
E17,Finishes,"Knot, prime & 3 coats gloss to wood or metal",m2,2698.5,921.09,0,3619.59,4831.24,https://rates.buildocrat.store/rates/e17-knot-prime-and-3-coats-gloss-to-wood-or-metal/,Abuja
E19,Finishes,POP screeding (skimming) to walls/ceilings,m2,1134.0,826.94,0,1960.94,2617.36,https://rates.buildocrat.store/rates/e19-pop-screeding-skimming-to-walls-ceilings/,Abuja
E20,Finishes,Plain POP false ceiling on 2x2 timber frame,m2,5770.5,2595.44,0,8365.94,11166.41,https://rates.buildocrat.store/rates/e20-plain-pop-false-ceiling-on-2x2-timber-frame/,Abuja
E09,Finishes,"12.5mm gypsum board ceiling on 2x2 frame, POP-jointed",m2,6423.5,1531.06,0,7954.56,10617.33,https://rates.buildocrat.store/rates/e09-12-5mm-gypsum-board-ceiling-on-2x2-frame-pop-jointed/,Abuja
E21,Finishes,PVC ceiling panels on 2x2 frame,m2,7733.0,1002.97,0,8735.97,11660.31,https://rates.buildocrat.store/rates/e21-pvc-ceiling-panels-on-2x2-frame/,Abuja
E22,Finishes,600x600 acoustic ceiling tiles on exposed T-grid,m2,13125.0,1002.97,0,14127.97,18857.26,https://rates.buildocrat.store/rates/e22-600x600-acoustic-ceiling-tiles-on-exposed-t-grid/,Abuja
E23,Finishes,POP cornice,m,2889.0,474.88,0,3363.88,4489.92,https://rates.buildocrat.store/rates/e23-pop-cornice/,Abuja
E28,Finishes,"Gypsum drywall partition, 12.5mm board both sides on metal studs",m2,12316.5,2243.38,0,14559.88,19433.75,https://rates.buildocrat.store/rates/e28-gypsum-drywall-partition-12-5mm-board-both-sides-on-meta/,Abuja
J01,Doors & windows,"Flush door 900x2100 with frame & ironmongery, supply & fix",nr,111236.0,12281.25,0,123517.25,164864.26,https://rates.buildocrat.store/rates/j01-flush-door-900x2100-with-frame-and-ironmongery-supply-an/,Abuja
J02,Doors & windows,"Hardwood panel door with frame, lock, handles & hinges, supply & fix",nr,310125.0,19158.75,0,329283.75,439510.46,https://rates.buildocrat.store/rates/j02-hardwood-panel-door-with-frame-lock-handles-and-hinges-s/,Abuja
J03,Doors & windows,"Steel security door 1200, supply & fix with grouting",nr,424059.0,9661.25,0,433720.25,578906.75,https://rates.buildocrat.store/rates/j03-steel-security-door-1200-supply-and-fix-with-grouting/,Abuja
J10,Doors & windows,"Fire-rated steel door 1hr with closer, supply & fix",nr,953708.0,9661.25,0,963369.25,1285854.1,https://rates.buildocrat.store/rates/j10-fire-rated-steel-door-1hr-with-closer-supply-and-fix/,Abuja
J04,Doors & windows,"Aluminium casement window, 5mm glass & net, s&f incl. making good",m2,95247.2,736.88,0,95984.07,128114.44,https://rates.buildocrat.store/rates/j04-aluminium-casement-window-5mm-glass-and-net-s-and-f-incl/,Abuja
J05,Doors & windows,"Aluminium sliding window, s&f incl. making good",m2,80247.2,736.88,0,80984.07,108093.24,https://rates.buildocrat.store/rates/j05-aluminium-sliding-window-s-and-f-incl-making-good/,Abuja
J06,Doors & windows,"uPVC casement window, s&f incl. making good",m2,150247.2,736.88,0,150984.08,201525.52,https://rates.buildocrat.store/rates/j06-upvc-casement-window-s-and-f-incl-making-good/,Abuja
J07,Doors & windows,"Frameless 12mm tempered glass door, s&f",m2,180000.0,343.88,0,180343.88,240713.42,https://rates.buildocrat.store/rates/j07-frameless-12mm-tempered-glass-door-s-and-f/,Abuja
J08,Doors & windows,"Stick curtain wall, tinted glass, s&f",m2,260000.0,229.25,0,260229.25,347340.18,https://rates.buildocrat.store/rates/j08-stick-curtain-wall-tinted-glass-s-and-f/,Abuja
J09,Doors & windows,"Aluminium hinged door with glazing, s&f",m2,110000.0,736.88,0,110736.88,147805.7,https://rates.buildocrat.store/rates/j09-aluminium-hinged-door-with-glazing-s-and-f/,Abuja
J11,Doors & windows,"Kitchen base cabinets with granite worktop, installed",m,400000.0,9988.75,0,409988.75,547231.2,https://rates.buildocrat.store/rates/j11-kitchen-base-cabinets-with-granite-worktop-installed/,Abuja
J12,Doors & windows,"Kitchen wall cabinets, installed",m,200000.0,5895.0,0,205895.0,274817.71,https://rates.buildocrat.store/rates/j12-kitchen-wall-cabinets-installed/,Abuja
J13,Doors & windows,"Built-in wardrobe, installed",m2,95000.0,4421.25,0,99421.25,132702.2,https://rates.buildocrat.store/rates/j13-built-in-wardrobe-installed/,Abuja
J14,Doors & windows,"Steel sliding/swing gate, fabricated & installed",m2,86236.0,1801.25,0,88037.25,117507.44,https://rates.buildocrat.store/rates/j14-steel-sliding-swing-gate-fabricated-and-installed/,Abuja
F01,Electrical,"Lighting point: 1.5mm2 in 20mm conduit (avg 8m), switch share, LED downlight",pt,24660.0,4372.12,0,29032.12,38750.54,https://rates.buildocrat.store/rates/f01-lighting-point-1-5mm2-in-20mm-conduit-avg-8m-switch-shar/,Abuja
F02,Electrical,"13A socket point: 2.5mm2 in 20mm conduit (avg 10m), twin socket",pt,36625.0,5280.94,0,41905.94,55933.82,https://rates.buildocrat.store/rates/f02-13a-socket-point-2-5mm2-in-20mm-conduit-avg-10m-twin-soc/,Abuja
F22,Electrical,"AC/cooker point: 4mm2 in 25mm conduit (avg 12m), 15A outlet",pt,64190.0,6795.62,0,70985.62,94747.84,https://rates.buildocrat.store/rates/f22-ac-cooker-point-4mm2-in-25mm-conduit-avg-12m-15a-outlet/,Abuja
F23,Electrical,"12-way TPN distribution board with 12 MCBs, installed",nr,139000.0,21123.75,0,160123.75,213724.67,https://rates.buildocrat.store/rates/f23-12-way-tpn-distribution-board-with-12-mcbs-installed/,Abuja
F24,Electrical,"100A 4-pole manual changeover switch, installed",nr,75000.0,13591.25,0,88591.25,118246.89,https://rates.buildocrat.store/rates/f24-100a-4-pole-manual-changeover-switch-installed/,Abuja
F25,Electrical,16mm2 4-core armoured sub-main cable laid in trench/on tray,m,22660.0,1367.31,0,24027.31,32070.38,https://rates.buildocrat.store/rates/f25-16mm2-4-core-armoured-sub-main-cable-laid-in-trench-on-t/,Abuja
F26,Electrical,25mm2 4-core armoured cable laid,m,36050.0,1633.41,0,37683.41,50297.81,https://rates.buildocrat.store/rates/f26-25mm2-4-core-armoured-cable-laid/,Abuja
F27,Electrical,"Earthing: copper-bonded rod, 10mm2 conductor, inspection pit",nr,58458.0,11380.62,0,69838.62,93216.89,https://rates.buildocrat.store/rates/f27-earthing-copper-bonded-rod-10mm2-conductor-inspection-pi/,Abuja
F28,Electrical,"LED panel 600x600 fitting, supply & fix",nr,18000.0,1514.69,0,19514.69,26047.17,https://rates.buildocrat.store/rates/f28-led-panel-600x600-fitting-supply-and-fix/,Abuja
F29,Electrical,"56"" ceiling fan with regulator, supply & fix",nr,45000.0,4544.06,0,49544.06,66128.78,https://rates.buildocrat.store/rates/f29-56-ceiling-fan-with-regulator-supply-and-fix/,Abuja
F30,Electrical,"Split AC 1.5HP inverter, supply & install (5m pipe run)",nr,684125.0,21942.5,0,706067.5,942421.39,https://rates.buildocrat.store/rates/f30-split-ac-1-5hp-inverter-supply-and-install-5m-pipe-run/,Abuja
F31,Electrical,"LED street light 100W on 8m pole with concrete base, installed",nr,402412.95,25053.75,46430.0,473896.7,632532.14,https://rates.buildocrat.store/rates/f31-led-street-light-100w-on-8m-pole-with-concrete-base-inst/,Abuja
F32,Electrical,"5kVA hybrid solar system: 8x550W, 5kVA inverter, 10kWh LiFePO4, installed",nr,4888400.0,72050.0,0,4960450.0,6620945.14,https://rates.buildocrat.store/rates/f32-5kva-hybrid-solar-system-8x550w-5kva-inverter-10kwh-life/,Abuja
F33,Electrical,"Smoke detector, supply & fix",nr,12000.0,1514.69,0,13514.69,18038.69,https://rates.buildocrat.store/rates/f33-smoke-detector-supply-and-fix/,Abuja
F03,Plumbing,"WC suite (mid-range), supplied, fixed & connected",nr,132980.0,9825.0,0,142805.0,190608.53,https://rates.buildocrat.store/rates/f03-wc-suite-mid-range-supplied-fixed-and-connected/,Abuja
F06,Plumbing,"WC suite (economy), supplied, fixed & connected",nr,82980.0,9825.0,0,92805.0,123871.18,https://rates.buildocrat.store/rates/f06-wc-suite-economy-supplied-fixed-and-connected/,Abuja
F07,Plumbing,"WC one-piece (premium), supplied, fixed & connected",nr,357980.0,11216.88,0,369196.88,492784.38,https://rates.buildocrat.store/rates/f07-wc-one-piece-premium-supplied-fixed-and-connected/,Abuja
F04,Plumbing,"Wash hand basin with pedestal & mixer, fixed & connected",nr,93977.5,7696.25,0,101673.75,135708.72,https://rates.buildocrat.store/rates/f04-wash-hand-basin-with-pedestal-and-mixer-fixed-and-connec/,Abuja
F05,Plumbing,"Single-bowl stainless kitchen sink with mixer, fixed & connected",nr,79975.0,7696.25,0,87671.25,117018.93,https://rates.buildocrat.store/rates/f05-single-bowl-stainless-kitchen-sink-with-mixer-fixed-and/,Abuja
F08,Plumbing,"Acrylic bathtub 1.7m with mixer, fixed & connected",nr,286037.5,16866.25,0,302903.75,404299.83,https://rates.buildocrat.store/rates/f08-acrylic-bathtub-1-7m-with-mixer-fixed-and-connected/,Abuja
F09,Plumbing,"Shower mixer set with head & floor drain, installed",nr,64990.0,9825.0,0,74815.0,99859.09,https://rates.buildocrat.store/rates/f09-shower-mixer-set-with-head-and-floor-drain-installed/,Abuja
F10,Plumbing,"Urinal with flush valve, fixed & connected",nr,124042.5,9825.0,0,133867.5,178679.23,https://rates.buildocrat.store/rates/f10-urinal-with-flush-valve-fixed-and-connected/,Abuja
F11,Plumbing,"Electric water heater 50L, installed",nr,155775.0,9988.75,0,165763.75,221252.65,https://rates.buildocrat.store/rates/f11-electric-water-heater-50l-installed/,Abuja
F12,Plumbing,"Cold water point, 20mm PPR (avg 6m run)",pt,12384.0,3782.62,0,16166.62,21578.35,https://rates.buildocrat.store/rates/f12-cold-water-point-20mm-ppr-avg-6m-run/,Abuja
F13,Plumbing,"Hot water point, 25mm PPR (avg 6m run)",pt,15240.0,4339.38,0,19579.38,26133.51,https://rates.buildocrat.store/rates/f13-hot-water-point-25mm-ppr-avg-6m-run/,Abuja
F14,Plumbing,"Soil & waste point, uPVC 110/50mm",pt,20387.5,4912.5,0,25300.0,33769.1,https://rates.buildocrat.store/rates/f14-soil-and-waste-point-upvc-110-50mm/,Abuja
F15,Plumbing,"2,000L tank on 6m steel stand, installed & connected",nr,648325.0,14573.75,0,662898.75,884802.04,https://rates.buildocrat.store/rates/f15-2-000l-tank-on-6m-steel-stand-installed-and-connected/,Abuja
F16,Plumbing,"1HP surface pump with valves, installed",nr,119000.0,11380.62,0,130380.62,174025.13,https://rates.buildocrat.store/rates/f16-1hp-surface-pump-with-valves-installed/,Abuja
F17,Plumbing,"Borehole drilling in basement rock, Abuja (subcontract)",m,22000.0,0,0,22000.0,29364.43,https://rates.buildocrat.store/rates/f17-borehole-drilling-in-basement-rock-abuja-subcontract/,Abuja
F18,Plumbing,"Complete borehole 120m: survey, drilling, casing, 1.5HP pump, tank stand & 2,000L tank",nr,4171525.0,87115.0,0,4258640.0,5684206.43,https://rates.buildocrat.store/rates/f18-complete-borehole-120m-survey-drilling-casing-1-5hp-pump/,Abuja
F19,Plumbing,Inspection chamber 600x600x750 in 150mm block with cover,nr,86544.98,22597.5,0,109142.48,145677.58,https://rates.buildocrat.store/rates/f19-inspection-chamber-600x600x750-in-150mm-block-with-cover/,Abuja
F20,Plumbing,110mm uPVC underground drain on sand bed (excl. trench),m,3942.0,1146.25,0,5088.25,6791.53,https://rates.buildocrat.store/rates/f20-110mm-upvc-underground-drain-on-sand-bed-excl-trench/,Abuja
R01,Roads & external,"Scarify, water & compact subgrade to 95% MDD",m2,0,22.93,557.89,580.81,775.24,https://rates.buildocrat.store/rates/r01-scarify-water-and-compact-subgrade-to-95-mdd/,Abuja
R02,Roads & external,"Laterite sub-base, spread & compacted in layers (compacted volume)",m3,9896.25,229.25,3524.8,13650.3,18219.7,https://rates.buildocrat.store/rates/r02-laterite-sub-base-spread-and-compacted-in-layers-compact/,Abuja
R03,Roads & external,"Crushed stone base course, compacted (compacted volume)",m3,30607.5,286.56,3772.26,34666.32,46270.77,https://rates.buildocrat.store/rates/r03-crushed-stone-base-course-compacted-compacted-volume/,Abuja
R04,Roads & external,Prime coat MC-30 at 1.0 L/m2,m2,1522.5,11.46,120.05,1654.01,2207.69,https://rates.buildocrat.store/rates/r04-prime-coat-mc-30-at-1-0-l-m2/,Abuja
R05,Roads & external,Tack coat (emulsion) at 0.3 L/m2,m2,346.5,5.73,67.92,420.16,560.8,https://rates.buildocrat.store/rates/r05-tack-coat-emulsion-at-0-3-l-m2/,Abuja
R06,Roads & external,"Asphalt wearing course 50mm, laid & compacted",m2,19364.0,58.95,1063.58,20486.53,27344.33,https://rates.buildocrat.store/rates/r06-asphalt-wearing-course-50mm-laid-and-compacted/,Abuja
R07,Roads & external,"Asphalt binder course 60mm, laid & compacted",m2,22074.96,58.95,1163.26,23297.17,31095.83,https://rates.buildocrat.store/rates/r07-asphalt-binder-course-60mm-laid-and-compacted/,Abuja
R08,Roads & external,Precast road kerb 900x300x150 on concrete bed & haunch,m,15737.99,1670.25,0,17408.24,23235.59,https://rates.buildocrat.store/rates/r08-precast-road-kerb-900x300x150-on-concrete-bed-and-haunch/,Abuja
R09,Roads & external,"Precast 600mm U-drain with cover, laid on concrete bed",m,59560.78,2374.38,5803.75,67738.91,90414.3,https://rates.buildocrat.store/rates/r09-precast-600mm-u-drain-with-cover-laid-on-concrete-bed/,Abuja
R10,Roads & external,"In-situ RC drain 600x600 internal, 150mm walls & base, incl. excavation, formwork & rebar",m,80966.61,19306.12,1872.96,102145.69,136338.65,https://rates.buildocrat.store/rates/r10-in-situ-rc-drain-600x600-internal-150mm-walls-and-base-i/,Abuja
R11,Roads & external,900mm precast culvert pipe laid with 1:3:6 surround,m,187443.49,5895.0,20820.0,214158.49,285847.38,https://rates.buildocrat.store/rates/r11-900mm-precast-culvert-pipe-laid-with-1-3-6-surround/,Abuja
R12,Roads & external,"Thermoplastic road marking, 100mm line",m,661.5,11.46,37.98,710.95,948.93,https://rates.buildocrat.store/rates/r12-thermoplastic-road-marking-100mm-line/,Abuja
G01,Roads & external,"60mm interlocking paving on 50mm sand bed, compacted",m2,9533.85,1432.81,199.79,11166.45,14904.39,https://rates.buildocrat.store/rates/g01-60mm-interlocking-paving-on-50mm-sand-bed-compacted/,Abuja
G02,Roads & external,"80mm interlocking paving on 50mm sand bed, compacted",m2,11633.85,1553.99,199.79,13387.63,17869.1,https://rates.buildocrat.store/rates/g02-80mm-interlocking-paving-on-50mm-sand-bed-compacted/,Abuja
R13,Roads & external,Chain-link fence 1.8m on angle posts @3m with 3 lines barbed wire,m,10925.2,1817.62,0,12742.82,17008.44,https://rates.buildocrat.store/rates/r13-chain-link-fence-1-8m-on-angle-posts-3m-with-3-lines-bar/,Abuja
R14,Roads & external,"225mm block fence wall 2.4m high incl. foundation, piers, plaster both sides & razor wire",m,65446.15,17709.56,0,83155.72,110991.83,https://rates.buildocrat.store/rates/r14-225mm-block-fence-wall-2-4m-high-incl-foundation-piers-p/,Abuja
R16,Roads & external,"Carpet grass laid on 100mm topsoil, watered",m2,2422.0,368.44,0,2790.44,3724.53,https://rates.buildocrat.store/rates/r16-carpet-grass-laid-on-100mm-topsoil-watered/,Abuja
K01,Marine & dredging,"Dredge & hydraulically place sand fill by 12"" CSD (in-situ m3)",m3,0,11.46,3489.04,3500.51,4672.29,https://rates.buildocrat.store/rates/k01-dredge-and-hydraulically-place-sand-fill-by-12-csd-in-si/,Abuja
