code,plant,unit,dry_hire_ngn,low_ngn,high_ngn,fuel_litres_per_day,fuel_cost_ngn,operator_ngn,all_in_ngn,typical_output,confidence,source
P-EXM,Mini excavator 3-5t,day,150000,120000,190000,30,62700.0,39300.0,252000.0,60-100 m3/day,LOW,Judgement. Replace with Yellowmetal rate card (ACTUAL)
P-EX14,Hydraulic excavator 14t,day,300000,240000,380000,100,209000.0,39300.0,548300.0,180-250 m3/day,LOW,Judgement. Replace with Yellowmetal rate card (ACTUAL)
P-EXC20,Hydraulic excavator 20-22t (CAT 320/215 class),day,480000,400000,550000,150,313500.0,39300.0,832800.0,250-350 m3/day bulk dig,MEDIUM,"Structurecity e-construction (Lagos, 2026 listing; terms not stated - assumed incl. operator, excl. fuel): 'Excavator 215' N550k/day. Jiji: CAT 320 ~150 L/day"
P-EX30,Hydraulic excavator 30t,day,650000,550000,800000,220,459800.0,39300.0,1149100.0,350-500 m3/day,LOW,Judgement
P-EXLR,Long-reach excavator,day,750000,600000,900000,180,376200.0,39300.0,1165500.0,drain/canal work,LOW,Judgement
P-EXAM,Amphibious / swamp excavator,day,1400000,1100000,1800000,200,418000.0,39300.0,1857300.0,swamp/creek work,LOW,Judgement
P-EXBR,Excavator 20t with hydraulic breaker,day,600000,500000,750000,170,355300.0,39300.0,994600.0,20-40 m3/day rock,LOW,Judgement
P-BHL,Backhoe loader (JCB 3CX/3DX class),day,310000,250000,350000,70,146300.0,39300.0,495600.0,80-120 m3/day trench,MEDIUM,"Structurecity e-construction (Lagos, 2026 listing; terms not stated - assumed incl. operator, excl. fuel): JCB 3DX N350k/day; mobilisation from N150k"
P-SSL,Skid-steer loader (Bobcat class),day,180000,140000,220000,40,83600.0,32750.0,296350.0,site clearing/loading,LOW,Judgement
P-WL3,Wheel loader 3t (SDLG class),day,220000,170000,280000,100,209000.0,32750.0,461750.0,300-400 m3/day loading,LOW,Judgement. Yellowmetal SDLG hire history is the better source - enter as ACTUAL
P-WL5,Wheel loader 5t,day,350000,280000,420000,140,292600.0,32750.0,675350.0,500-700 m3/day loading,LOW,Judgement
P-DOZ,Bulldozer D6 class,day,450000,380000,550000,180,376200.0,41920.0,868120.0,0.8-1.2 ha/day clearing,LOW,Judgement (scaled from D7)
P-DZ7,Bulldozer D7 class,day,550000,450000,650000,220,459800.0,41920.0,1051720.0,1.2-1.8 ha/day clearing,MEDIUM,"Structurecity e-construction (Lagos, 2026 listing; terms not stated - assumed incl. operator, excl. fuel): D7 N600k/day"
P-DZ8,Bulldozer D8 class,day,750000,620000,900000,280,585200.0,41920.0,1377120.0,heavy dozing,LOW,Judgement
P-GRD,Motor grader (CAT 140 class),day,400000,320000,480000,140,292600.0,41920.0,734520.0,"2,500-4,000 m2/day",LOW,Judgement
P-ROL,Vibratory roller 10-12t,day,280000,220000,340000,80,167200.0,32750.0,479950.0,"600-1,000 m3/day",LOW,Judgement
P-RL18,Vibratory roller 16-20t,day,380000,300000,450000,110,229900.0,32750.0,642650.0,"1,000-1,500 m3/day",LOW,Judgement
P-RLT,Tandem asphalt roller 3-8t,day,180000,140000,230000,35,73150.0,32750.0,285900.0,asphalt / small areas,LOW,Judgement
P-RLP,Pneumatic-tyred roller,day,300000,240000,360000,80,167200.0,32750.0,499950.0,asphalt finishing,LOW,Judgement
P-RLS,Padfoot / sheepsfoot roller 12t,day,300000,240000,360000,90,188100.0,32750.0,520850.0,clay fill,LOW,Judgement
P-PLT,Plate compactor (petrol),day,15000,10000,20000,6,8976.0,0,23976.0,80-120 m2/day/150mm layer,LOW,Judgement
P-RAM,Jumping-jack rammer (petrol),day,15000,10000,20000,4,5984.0,0,20984.0,trench backfill,LOW,Judgement
P-TP10,Tipper truck 10t,day,120000,90000,150000,90,188100.0,26200.0,334300.0,5-7 trips/day local,LOW,Judgement
P-TIP,Tipper truck 20t,day,150000,120000,200000,120,250800.0,26200.0,427000.0,4-6 trips/day local,LOW,Judgement
P-TP30,Tipper truck 30t,day,220000,180000,270000,160,334400.0,26200.0,580600.0,3-5 trips/day,LOW,Judgement
P-WTK,"Water tanker 10,000L",day,150000,120000,190000,90,188100.0,26200.0,364300.0,6-8 loads/day,LOW,Judgement
P-FUB,"Fuel bowser 10,000L",day,180000,140000,220000,80,167200.0,26200.0,373400.0,-,LOW,Judgement
P-FLB,Flatbed trailer,day,250000,200000,300000,150,313500.0,26200.0,589700.0,-,LOW,Judgement
P-LOW,"Low-bed mobilisation, per trip <=50km",trip,480000,350000,650000,0,0,0,480000,per trip,LOW,Judgement
P-PKP,Pickup / site van,day,35000,25000,45000,25,37400.0,15720.0,88120.0,-,LOW,Judgement
P-BUS,18-seater staff bus,day,60000,45000,75000,40,83600.0,15720.0,159320.0,-,LOW,Judgement
P-CRN,Mobile crane 25t,day,450000,380000,550000,120,250800.0,52400.0,753200.0,-,MEDIUM,"Structurecity e-construction (Lagos, 2026 listing; terms not stated - assumed incl. operator, excl. fuel): 25-ton crane N500k/day"
P-CR50,Mobile crane 50t,day,900000,750000,1100000,180,376200.0,52400.0,1328600.0,-,LOW,Judgement
P-CR80,Mobile crane 80t,day,1600000,1300000,2000000,220,459800.0,52400.0,2112200.0,-,LOW,Judgement
P-TWC,"Tower crane (hire, per day equivalent)",day,400000,300000,500000,0,0,52400.0,452400.0,excl. erection/dismantle & power,LOW,Judgement
P-HIAB,Hiab / truck-mounted crane 10t,day,250000,200000,300000,90,188100.0,26200.0,464300.0,-,LOW,Judgement
P-FKL,Forklift 3t,day,100000,80000,130000,35,73150.0,32750.0,205900.0,-,LOW,Judgement
P-TLH,Telehandler 14-17m,day,280000,220000,340000,60,125400.0,32750.0,438150.0,-,LOW,Judgement
P-HST,Material hoist (electric),day,35000,25000,45000,0,0,0,35000,needs generator,LOW,Judgement
P-SCF,"Tubular steel scaffold, per 100 m2 elevation",day,17000,12000,22000,0,0,0,17000,"equiv. N1,200/m2/week",LOW,Judgement
P-PRP,"Adjustable steel props, per 100 nr",day,15000,10000,20000,0,0,0,15000,N150/prop/day,LOW,Judgement
P-MIX,"Concrete mixer, 1-bag (petrol)",day,25000,18000,32000,12,17952.0,0,42952.0,10-15 m3/day,LOW,Judgement
P-MX2,"Concrete mixer, 2-bag (diesel)",day,40000,30000,50000,20,41800.0,0,81800.0,20-25 m3/day,LOW,Judgement
P-BTP,Batching plant 60 m3/hr,day,1200000,900000,1500000,300,627000.0,32750.0,1859750.0,300-400 m3/day,LOW,Judgement
P-TMX,Transit mixer 9 m3,day,220000,180000,270000,120,250800.0,26200.0,497000.0,5-7 loads/day,LOW,Judgement
P-CPB,Concrete boom pump 37m,day,1100000,900000,1300000,150,313500.0,32750.0,1446250.0,300-500 m3/day,LOW,Judgement
P-CPL,Concrete line (static) pump,day,450000,350000,550000,90,188100.0,32750.0,670850.0,150-250 m3/day,LOW,Judgement
P-VIB,Poker vibrator (petrol),day,12000,8000,15000,5,7480.0,0,19480.0,-,LOW,Judgement
P-FLT,Power float / trowel (petrol),day,20000,15000,25000,8,11968.0,0,31968.0,200-300 m2/day,LOW,Judgement
P-CCT,Concrete floor saw (petrol),day,25000,18000,32000,8,11968.0,0,36968.0,-,LOW,Judgement
P-BBM,Bar bending machine (electric),day,20000,15000,25000,0,0,0,20000,needs generator,LOW,Judgement
P-BLM,Vibrating block machine (petrol),day,15000,10000,20000,6,8976.0,0,23976.0,500-700 blocks/day,LOW,Judgement
P-GN5,Generator 5kVA (petrol),day,12000,8000,15000,12,17952.0,0,29952.0,-,LOW,Judgement
P-GEN,Generator 20kVA (diesel),day,35000,25000,45000,40,83600.0,0,118600.0,-,LOW,Judgement
P-GN60,Generator 60kVA (diesel),day,70000,55000,90000,90,188100.0,11790.0,269890.0,-,LOW,Judgement
P-GN100,Generator 100kVA (diesel),day,110000,85000,140000,150,313500.0,11790.0,435290.0,-,LOW,Judgement
P-GN250,Generator 250kVA (diesel),day,220000,170000,280000,320,668800.0,11790.0,900590.0,-,LOW,Judgement
P-WLG,Welding generator 400A (diesel),day,45000,35000,55000,40,83600.0,0,128600.0,-,LOW,Judgement
P-CMP,Air compressor 375cfm with 2 breakers,day,120000,90000,150000,90,188100.0,0,308100.0,demolition/breaking,LOW,Judgement
P-PM2,"Dewatering pump 2"" (petrol)",day,8000,6000,11000,5,7480.0,0,15480.0,-,LOW,Judgement
P-PMP,"Dewatering pump 3"" (petrol)",day,12000,8000,16000,8,11968.0,0,23968.0,-,LOW,Judgement
P-PM6,"Dewatering pump 6"" (diesel)",day,45000,35000,55000,60,125400.0,0,170400.0,-,LOW,Judgement
P-PAV,Asphalt paver (tracked),day,1200000,950000,1500000,150,313500.0,39300.0,1552800.0,300-500 t/day,LOW,Judgement
P-BDS,Bitumen distributor / sprayer,day,350000,280000,420000,80,167200.0,26200.0,543400.0,"6,000-10,000 m2/day",LOW,Judgement
P-CHS,Chip spreader,day,300000,240000,360000,70,146300.0,32750.0,479050.0,-,LOW,Judgement
P-BRM,Mechanical road broom,day,80000,60000,100000,30,62700.0,32750.0,175450.0,"6,000-10,000 m2/day",LOW,Judgement
P-MIL,Cold milling machine,day,2500000,2000000,3000000,300,627000.0,32750.0,3159750.0,"2,000-4,000 m2/day",LOW,Judgement
P-LMK,Road line-marking machine,day,80000,60000,100000,10,14960.0,0,94960.0,"2,000-3,000 m/day",LOW,Judgement
P-PIL,Bored piling rig (600-900mm),day,2800000,2200000,3500000,300,627000.0,32750.0,3459750.0,-,LOW,Judgement
P-CSD,"Cutter-suction dredger 12""",day,3500000,2800000,4500000,800,1672000.0,58950.0,5230950.0,"1,200-2,000 m3/day",LOW,Judgement. Replace with Yellowmetal FESTAC DRG-01..04 log (ACTUAL)
P-SWB,Swamp buggy,day,1800000,1400000,2200000,250,522500.0,39300.0,2361800.0,-,LOW,Judgement
P-BOT,Work boat with outboard,day,120000,90000,150000,60,89760.0,15720.0,225480.0,-,LOW,Judgement
P-TST,Total station,day,25000,18000,32000,0,0,0,25000,-,LOW,Judgement
P-LVL,Automatic level with staff,day,8000,5000,10000,0,0,0,8000,-,LOW,Judgement
P-GNS,GNSS RTK kit,day,45000,35000,60000,0,0,0,45000,-,LOW,Judgement
P-DRN,Drone survey (per day incl. pilot),day,150000,100000,200000,0,0,0,150000,-,LOW,Judgement
P-CTN,20ft container office (hire),day,6000,4000,8000,0,0,0,6000,-,LOW,Judgement
P-TLT,Portable toilet (hire & service),day,3000,2000,4000,0,0,0,3000,-,LOW,Judgement
